{"cameraMode":{"drawMode":0,"name":"Shaded","section":"Shading Mode"},"sceneLighting":false,"audioPlay":false,"sceneViewState":{"m_AlwaysRefresh":false,"showFog":true,"showSkybox":false,"showFlares":true,"showImageEffects":true,"showParticleSystems":true,"showVisualEffectGraphs":true,"m_FxEnabled":true},"in2DMode":false,"pivot":{"x":1.8598384857177735,"y":0.6420154571533203,"z":-0.5462303161621094},"rotation":{"x":-0.13875126838684083,"y":0.17053180932998658,"z":-0.024199604988098146,"w":-0.975267231464386},"size":17.85708236694336,"orthographic":false}