{"cameraMode":{"drawMode":0,"name":"Shaded","section":"Shading Mode"},"sceneLighting":false,"audioPlay":false,"sceneViewState":{"m_AlwaysRefresh":false,"showFog":true,"showSkybox":false,"showFlares":true,"showImageEffects":true,"showParticleSystems":true,"showVisualEffectGraphs":true,"m_FxEnabled":true},"in2DMode":false,"pivot":{"x":-0.19574131071567536,"y":0.03379308059811592,"z":0.43003207445144656},"rotation":{"x":-0.32861757278442385,"y":0.003781171515583992,"z":-0.0010577832581475378,"w":-0.9445385336875916},"size":5.338476657867432,"orthographic":false}